<?xml version="1.0" encoding="UTF-8" standalone="yes"?>
<a:clrScheme xmlns:a="http://schemas.openxmlformats.org/drawingml/2006/main" name="ReportPortal colors"><a:dk1><a:srgbClr val="2E3B5F"/></a:dk1><a:lt1><a:srgbClr val="FBFFFF"/></a:lt1><a:dk2><a:srgbClr val="8791AA"/></a:dk2><a:lt2><a:srgbClr val="F2F5FA"/></a:lt2><a:accent1><a:srgbClr val="05AFD0"/></a:accent1><a:accent2><a:srgbClr val="FA53A4"/></a:accent2><a:accent3><a:srgbClr val="00B681"/></a:accent3><a:accent4><a:srgbClr val="BB65E0"/></a:accent4><a:accent5><a:srgbClr val="FF666C"/></a:accent5><a:accent6><a:srgbClr val="FEC702"/></a:accent6><a:hlink><a:srgbClr val="7B68EC"/></a:hlink><a:folHlink><a:srgbClr val="7B68ED"/></a:folHlink></a:clrScheme>